"Category","Term","Count","List Total","Pop Hits","Pop Total","P-Value","Benjamini","Fold Enrichment","Bonferroni","FDR","Fisher Exact","User Ids"
"UP_SEQ_FEATURE","ZN_FING:C2H2-type 1","14","122","550","18235","7.43e-5","3.32e-2","3.80","5.32e-2","3.31e-2","1.88e-5","ENSG00000196263,ENSG00000120738,ENSG00000109906,ENSG00000105708,ENSG00000119138,ENSG00000245680,ENSG00000189298,ENSG00000121413,ENSG00000198939,ENSG00000127528,ENSG00000176293,ENSG00000067082,ENSG00000237440,ENSG00000182986"
"UP_SEQ_FEATURE","ZN_FING:C2H2-type 3","15","122","641","18235","9.02e-5","3.32e-2","3.50","6.43e-2","3.31e-2","2.49e-5","ENSG00000196263,ENSG00000120738,ENSG00000109906,ENSG00000105708,ENSG00000119138,ENSG00000245680,ENSG00000189298,ENSG00000061455,ENSG00000198939,ENSG00000127528,ENSG00000160321,ENSG00000176293,ENSG00000067082,ENSG00000237440,ENSG00000182986"
"GOTERM_MF_DIRECT","RNA polymerase II cis-regulatory region sequence-specific DNA binding","20","118","1068","17376","9.06e-5","2.54e-2","2.76","2.55e-2","2.49e-2","3.18e-5","ENSG00000196263,ENSG00000120093,ENSG00000120738,ENSG00000177606,ENSG00000109906,ENSG00000170345,ENSG00000169083,ENSG00000119138,ENSG00000143995,ENSG00000189298,ENSG00000121413,ENSG00000198939,ENSG00000127528,ENSG00000123358,ENSG00000176293,ENSG00000162772,ENSG00000067082,ENSG00000237440,ENSG00000125740,ENSG00000182986"
"INTERPRO","ZFP36-like","3","122","3","18453","1.27e-4","3.11e-2","151.25","5.39e-2","3.09e-2","2.82e-7","ENSG00000152518,ENSG00000185650,ENSG00000128016"
"INTERPRO","Znf_C2H2_sf","16","122","764","18453","1.43e-4","3.11e-2","3.17","6.03e-2","3.09e-2","4.36e-5","ENSG00000196263,ENSG00000120738,ENSG00000109906,ENSG00000105708,ENSG00000119138,ENSG00000245680,ENSG00000189298,ENSG00000061455,ENSG00000121413,ENSG00000198939,ENSG00000127528,ENSG00000160321,ENSG00000176293,ENSG00000067082,ENSG00000237440,ENSG00000182986"
"INTERPRO","Znf_C2H2_type","16","122","796","18453","2.23e-4","3.24e-2","3.04","9.25e-2","3.21e-2","7.09e-5","ENSG00000196263,ENSG00000120738,ENSG00000109906,ENSG00000105708,ENSG00000119138,ENSG00000245680,ENSG00000189298,ENSG00000061455,ENSG00000121413,ENSG00000198939,ENSG00000127528,ENSG00000160321,ENSG00000176293,ENSG00000067082,ENSG00000237440,ENSG00000182986"
"UP_SEQ_FEATURE","ZN_FING:C2H2-type 2","14","122","618","18235","2.35e-4","5.77e-2","3.39","1.59e-1","5.76e-2","6.70e-5","ENSG00000196263,ENSG00000120738,ENSG00000109906,ENSG00000119138,ENSG00000245680,ENSG00000189298,ENSG00000061455,ENSG00000121413,ENSG00000198939,ENSG00000127528,ENSG00000176293,ENSG00000067082,ENSG00000237440,ENSG00000182986"
"GOTERM_MF_DIRECT","DNA-binding transcription factor activity, RNA polymerase II-specific","20","118","1160","17376","2.64e-4","2.54e-2","2.54","7.24e-2","2.49e-2","1.01e-4","ENSG00000196263,ENSG00000120093,ENSG00000120738,ENSG00000177606,ENSG00000105708,ENSG00000170345,ENSG00000169083,ENSG00000119138,ENSG00000143995,ENSG00000189298,ENSG00000121413,ENSG00000198939,ENSG00000127528,ENSG00000123358,ENSG00000176293,ENSG00000162772,ENSG00000067082,ENSG00000237440,ENSG00000125740,ENSG00000182986"
"GOTERM_MF_DIRECT","protein-RNA sequence-specific adaptor activity","3","118","4","17376","2.67e-4","2.54e-2","110.44","7.34e-2","2.49e-2","1.22e-6","ENSG00000152518,ENSG00000185650,ENSG00000128016"
"GOTERM_CC_DIRECT","extracellular matrix","12","121","466","17924","2.96e-4","4.92e-2","3.81","4.80e-2","4.92e-2","7.47e-5","ENSG00000170558,ENSG00000124749,ENSG00000118523,ENSG00000142871,ENSG00000101825,ENSG00000012171,ENSG00000120708,ENSG00000132561,ENSG00000134917,ENSG00000117525,ENSG00000156218,ENSG00000154734"
"GOTERM_BP_DIRECT","regulation of multicellular organismal development","4","114","20","16968","3.02e-4","1.40e-1","29.77","2.58e-1","1.38e-1","8.62e-6","ENSG00000142871,ENSG00000128342,ENSG00000109906,ENSG00000157368"
"GOTERM_BP_DIRECT","negative regulation of cell population proliferation","11","114","398","16968","3.27e-4","1.40e-1","4.11","2.76e-1","1.38e-1","7.62e-5","ENSG00000164056,ENSG00000128342,ENSG00000120129,ENSG00000136158,ENSG00000136244,ENSG00000134917,ENSG00000109906,ENSG00000177606,ENSG00000154734,ENSG00000169083,ENSG00000102760"
"GOTERM_BP_DIRECT","extracellular matrix organization","7","114","157","16968","6.38e-4","1.40e-1","6.64","4.68e-1","1.38e-1","9.13e-5","ENSG00000142871,ENSG00000120708,ENSG00000132561,ENSG00000134917,ENSG00000122707,ENSG00000156218,ENSG00000154734"
"GOTERM_BP_DIRECT","negative regulation of mitotic cell cycle phase transition","3","114","6","16968","6.48e-4","1.40e-1","74.42","4.74e-1","1.38e-1","5.82e-6","ENSG00000152518,ENSG00000185650,ENSG00000102760"
"GOTERM_MF_DIRECT","DNA-binding transcription activator activity, RNA polymerase II-specific","11","118","436","17376","7.29e-4","5.19e-2","3.72","1.88e-1","5.09e-2","1.88e-4","ENSG00000143995,ENSG00000120093,ENSG00000120738,ENSG00000109906,ENSG00000177606,ENSG00000123358,ENSG00000170345,ENSG00000162772,ENSG00000067082,ENSG00000169083,ENSG00000125740"
"UP_SEQ_FEATURE","CARBOHYD:N-linked (GlcNAc...) asparagine","43","122","3975","18235","7.36e-4","1.33e-1","1.62","4.19e-1","1.32e-1","4.44e-4","ENSG00000262576,ENSG00000125384,ENSG00000155011,ENSG00000152580,ENSG00000153956,ENSG00000122707,ENSG00000152785,ENSG00000168490,ENSG00000092096,ENSG00000111452,ENSG00000154864,ENSG00000168671,ENSG00000174808,ENSG00000162591,ENSG00000145431,ENSG00000020181,ENSG00000107331,ENSG00000197093,ENSG00000108684,ENSG00000182667,ENSG00000158813,ENSG00000128342,ENSG00000073067,ENSG00000012171,ENSG00000169252,ENSG00000111962,ENSG00000136244,ENSG00000132561,ENSG00000117525,ENSG00000196557,ENSG00000157368,ENSG00000156218,ENSG00000154734,ENSG00000170558,ENSG00000124749,ENSG00000118523,ENSG00000167972,ENSG00000101825,ENSG00000080224,ENSG00000253537,ENSG00000134917,ENSG00000144057,ENSG00000180875"
"GOTERM_BP_DIRECT","positive regulation of miRNA transcription","5","114","62","16968","7.73e-4","1.40e-1","12.00","5.35e-1","1.38e-1","5.98e-5","ENSG00000136244,ENSG00000120738,ENSG00000177606,ENSG00000170345,ENSG00000169083"
"INTERPRO","TSP1_rpt_sf","5","122","64","18453","8.25e-4","7.61e-2","11.82","3.02e-1","7.56e-2","6.49e-5","ENSG00000118523,ENSG00000142871,ENSG00000134917,ENSG00000156218,ENSG00000154734"
"INTERPRO","TSP1_rpt","5","122","65","18453","8.75e-4","7.61e-2","11.63","3.17e-1","7.56e-2","7.00e-5","ENSG00000118523,ENSG00000142871,ENSG00000134917,ENSG00000156218,ENSG00000154734"
"UP_SEQ_FEATURE","REGION:Leucine-zipper","6","122","112","18235","9.02e-4","1.33e-1","8.01","4.85e-1","1.32e-1","1.06e-4","ENSG00000157514,ENSG00000102804,ENSG00000177606,ENSG00000170345,ENSG00000162772,ENSG00000125740"
"GOTERM_BP_DIRECT","positive regulation of transcription by RNA polymerase II","19","114","1206","16968","9.99e-4","1.40e-1","2.34","6.28e-1","1.38e-1","4.11e-4","ENSG00000128342,ENSG00000120093,ENSG00000169252,ENSG00000120738,ENSG00000177606,ENSG00000136244,ENSG00000109906,ENSG00000152785,ENSG00000170345,ENSG00000169083,ENSG00000143995,ENSG00000142871,ENSG00000184384,ENSG00000127528,ENSG00000123358,ENSG00000162772,ENSG00000067082,ENSG00000102760,ENSG00000125740"
"GOTERM_BP_DIRECT","regulation of transcription by RNA polymerase II","22","114","1523","16968","1.01e-3","1.40e-1","2.15","6.33e-1","1.38e-1","4.55e-4","ENSG00000157514,ENSG00000196263,ENSG00000120093,ENSG00000120738,ENSG00000177606,ENSG00000109906,ENSG00000105708,ENSG00000170345,ENSG00000119138,ENSG00000245680,ENSG00000189298,ENSG00000121413,ENSG00000198939,ENSG00000102804,ENSG00000127528,ENSG00000160321,ENSG00000123358,ENSG00000176293,ENSG00000162772,ENSG00000067082,ENSG00000125740,ENSG00000182986"
"GOTERM_BP_DIRECT","cellular response to fibroblast growth factor stimulus","4","114","32","16968","1.24e-3","1.40e-1","18.61","7.07e-1","1.38e-1","6.01e-5","ENSG00000152518,ENSG00000185650,ENSG00000123358,ENSG00000128016"
"GOTERM_BP_DIRECT","positive regulation of cell population proliferation","11","114","475","16968","1.27e-3","1.40e-1","3.45","7.17e-1","1.38e-1","3.54e-4","ENSG00000143995,ENSG00000102804,ENSG00000128342,ENSG00000169047,ENSG00000137936,ENSG00000174808,ENSG00000136244,ENSG00000145431,ENSG00000162772,ENSG00000157368,ENSG00000169083"
"SMART","ZnF_C2H2","16","83","751","9778","1.29e-3","8.17e-2","2.51","1.00e-1","8.17e-2","4.93e-4","ENSG00000196263,ENSG00000120738,ENSG00000109906,ENSG00000105708,ENSG00000119138,ENSG00000245680,ENSG00000189298,ENSG00000061455,ENSG00000121413,ENSG00000198939,ENSG00000127528,ENSG00000160321,ENSG00000176293,ENSG00000067082,ENSG00000237440,ENSG00000182986"
"INTERPRO","AP-1","3","122","9","18453","1.49e-3","1.08e-1","50.42","4.77e-1","1.07e-1","2.30e-5","ENSG00000170345,ENSG00000162772,ENSG00000125740"
"GOTERM_BP_DIRECT","negative regulation of ERK1 and ERK2 cascade","5","114","75","16968","1.58e-3","1.56e-1","9.92","7.90e-1","1.54e-1","1.49e-4","ENSG00000164056,ENSG00000128342,ENSG00000120129,ENSG00000136158,ENSG00000162772"
"GOTERM_BP_DIRECT","positive regulation of multicellular organismal process","4","114","37","16968","1.89e-3","1.65e-1","16.09","8.47e-1","1.63e-1","1.08e-4","ENSG00000128342,ENSG00000136244,ENSG00000109906,ENSG00000157368"
"SMART","TSP1","5","83","64","9778","1.99e-3","8.17e-2","9.20","1.51e-1","8.17e-2","2.01e-4","ENSG00000118523,ENSG00000142871,ENSG00000134917,ENSG00000156218,ENSG00000154734"
"GOTERM_BP_DIRECT","response to wounding","5","114","80","16968","2.00e-3","1.65e-1","9.30","8.62e-1","1.63e-1","2.02e-4","ENSG00000118523,ENSG00000152518,ENSG00000185650,ENSG00000117525,ENSG00000128016"
"UP_KW_MOLECULAR_FUNCTION","Growth factor","6","87","121","10932","2.61e-3","1.20e-1","6.23","1.13e-1","1.20e-1","3.95e-4","ENSG00000128342,ENSG00000174808,ENSG00000136244,ENSG00000145431,ENSG00000152785,ENSG00000157368"
"GOTERM_BP_DIRECT","positive regulation of gene expression","10","114","444","16968","2.87e-3","2.05e-1","3.35","9.42e-1","2.02e-1","8.19e-4","ENSG00000158813,ENSG00000128342,ENSG00000136158,ENSG00000136244,ENSG00000120738,ENSG00000117525,ENSG00000162772,ENSG00000157368,ENSG00000169083,ENSG00000102760"
"GOTERM_BP_DIRECT","skeletal muscle cell differentiation","4","114","44","16968","3.12e-3","2.05e-1","13.53","9.55e-1","2.02e-1","2.13e-4","ENSG00000120738,ENSG00000123358,ENSG00000170345,ENSG00000162772"
"GOTERM_BP_DIRECT","positive regulation of nuclear-transcribed mRNA catabolic process, deadenylation-dependent decay","3","114","13","16968","3.27e-3","2.05e-1","34.35","9.61e-1","2.02e-1","8.04e-5","ENSG00000152518,ENSG00000185650,ENSG00000128016"
"UP_SEQ_FEATURE","DOMAIN:BZIP","4","122","45","18235","3.30e-3","3.82e-1","13.29","9.12e-1","3.81e-1","2.30e-4","ENSG00000177606,ENSG00000170345,ENSG00000162772,ENSG00000125740"
"GOTERM_BP_DIRECT","positive regulation of MAPK cascade","7","114","217","16968","3.32e-3","2.05e-1","4.80","9.63e-1","2.02e-1","6.57e-4","ENSG00000170558,ENSG00000128342,ENSG00000137936,ENSG00000169252,ENSG00000136244,ENSG00000157368,ENSG00000169083"
"UP_KW_PTM","Glycoprotein","44","94","4336","13414","3.44e-3","6.54e-2","1.45","6.02e-2","6.54e-2","2.32e-3","ENSG00000262576,ENSG00000125384,ENSG00000155011,ENSG00000152580,ENSG00000153956,ENSG00000122707,ENSG00000152785,ENSG00000168490,ENSG00000092096,ENSG00000111452,ENSG00000154864,ENSG00000143878,ENSG00000168671,ENSG00000174808,ENSG00000162591,ENSG00000145431,ENSG00000020181,ENSG00000107331,ENSG00000197093,ENSG00000108684,ENSG00000182667,ENSG00000158813,ENSG00000128342,ENSG00000073067,ENSG00000012171,ENSG00000169252,ENSG00000111962,ENSG00000136244,ENSG00000132561,ENSG00000117525,ENSG00000196557,ENSG00000157368,ENSG00000156218,ENSG00000154734,ENSG00000170558,ENSG00000124749,ENSG00000118523,ENSG00000167972,ENSG00000101825,ENSG00000080224,ENSG00000253537,ENSG00000134917,ENSG00000144057,ENSG00000180875"
"GOTERM_MF_DIRECT","growth factor activity","6","118","150","17376","3.46e-3","1.97e-1","5.89","6.28e-1","1.93e-1","5.58e-4","ENSG00000128342,ENSG00000174808,ENSG00000136244,ENSG00000145431,ENSG00000152785,ENSG00000157368"
"UP_SEQ_FEATURE","ZN_FING:C2H2-type 13","7","122","222","18235","3.66e-3","3.82e-1","4.71","9.33e-1","3.81e-1","7.39e-4","ENSG00000245680,ENSG00000198939,ENSG00000196263,ENSG00000160321,ENSG00000105708,ENSG00000176293,ENSG00000237440"
"GOTERM_BP_DIRECT","cellular response to tumor necrosis factor","5","114","95","16968","3.73e-3","2.17e-1","7.83","9.75e-1","2.14e-1","4.49e-4","ENSG00000152518,ENSG00000127528,ENSG00000185650,ENSG00000170345,ENSG00000128016"
"GOTERM_BP_DIRECT","cellular response to epidermal growth factor stimulus","4","114","48","16968","4.00e-3","2.20e-1","12.40","9.81e-1","2.17e-1","2.99e-4","ENSG00000152518,ENSG00000185650,ENSG00000170345,ENSG00000128016"
"UP_KW_BIOLOGICAL_PROCESS","Cell adhesion","10","70","489","10631","4.15e-3","1.83e-1","3.11","1.67e-1","1.83e-1","1.28e-3","ENSG00000170558,ENSG00000118523,ENSG00000142871,ENSG00000262576,ENSG00000143878,ENSG00000157927,ENSG00000253537,ENSG00000120708,ENSG00000074590,ENSG00000182667"
"GOTERM_BP_DIRECT","cellular response to hormone stimulus","4","114","49","16968","4.24e-3","2.21e-1","12.15","9.85e-1","2.18e-1","3.24e-4","ENSG00000120129,ENSG00000196557,ENSG00000170345,ENSG00000125740"
"UP_SEQ_FEATURE","ZN_FING:C2H2-type 7","10","122","481","18235","4.79e-3","3.82e-1","3.11","9.71e-1","3.81e-1","1.47e-3","ENSG00000245680,ENSG00000189298,ENSG00000198939,ENSG00000196263,ENSG00000160321,ENSG00000109906,ENSG00000105708,ENSG00000176293,ENSG00000237440,ENSG00000182986"
"KEGG_PATHWAY","IL-17 signaling pathway","5","61","93","8128","4.80e-3","8.55e-1","7.16","5.76e-1","8.55e-1","6.32e-4","ENSG00000118503,ENSG00000136244,ENSG00000177606,ENSG00000170345,ENSG00000125740"
"UP_SEQ_FEATURE","ZN_FING:C2H2-type 11","8","122","312","18235","4.82e-3","3.82e-1","3.83","9.71e-1","3.81e-1","1.20e-3","ENSG00000245680,ENSG00000198939,ENSG00000196263,ENSG00000160321,ENSG00000105708,ENSG00000176293,ENSG00000237440,ENSG00000182986"
"INTERPRO","bZIP_sf","4","122","53","18453","5.07e-3","2.91e-1","11.42","8.91e-1","2.89e-1","4.15e-4","ENSG00000177606,ENSG00000170345,ENSG00000162772,ENSG00000125740"
"UP_KW_MOLECULAR_FUNCTION","Heparin-binding","5","87","89","10932","5.25e-3","1.21e-1","7.06","2.15e-1","1.21e-1","6.98e-4","ENSG00000118523,ENSG00000142871,ENSG00000134917,ENSG00000154734,ENSG00000180875"
"GOTERM_BP_DIRECT","positive regulation of fibroblast proliferation","4","114","53","16968","5.29e-3","2.52e-1","11.23","9.95e-1","2.49e-1","4.39e-4","ENSG00000128342,ENSG00000174808,ENSG00000145431,ENSG00000177606"
"INTERPRO","bZIP","4","122","54","18453","5.35e-3","2.91e-1","11.20","9.03e-1","2.89e-1","4.46e-4","ENSG00000177606,ENSG00000170345,ENSG00000162772,ENSG00000125740"
"UP_SEQ_FEATURE","DOMAIN:bZIP","4","122","54","18235","5.53e-3","3.82e-1","11.07","9.83e-1","3.81e-1","4.66e-4","ENSG00000177606,ENSG00000170345,ENSG00000162772,ENSG00000125740"
"GOTERM_BP_DIRECT","ERK1 and ERK2 cascade","4","114","54","16968","5.57e-3","2.52e-1","11.03","9.96e-1","2.49e-1","4.72e-4","ENSG00000164056,ENSG00000152518,ENSG00000185650,ENSG00000136158"
"GOTERM_BP_DIRECT","definitive hemopoiesis","3","114","17","16968","5.60e-3","2.52e-1","26.27","9.96e-1","2.49e-1","1.88e-4","ENSG00000143995,ENSG00000152518,ENSG00000120093"
"UP_SEQ_FEATURE","ZN_FING:C2H2-type 9","9","122","406","18235","5.71e-3","3.82e-1","3.31","9.85e-1","3.81e-1","1.64e-3","ENSG00000245680,ENSG00000198939,ENSG00000196263,ENSG00000160321,ENSG00000109906,ENSG00000105708,ENSG00000176293,ENSG00000237440,ENSG00000182986"
"GOTERM_MF_DIRECT","transcription cis-regulatory region binding","8","118","326","17376","6.56e-3","2.47e-1","3.61","8.47e-1","2.42e-1","1.73e-3","ENSG00000245680,ENSG00000121671,ENSG00000160321,ENSG00000120738,ENSG00000177606,ENSG00000170345,ENSG00000162772,ENSG00000169083"
"GOTERM_BP_DIRECT","cell adhesion","11","114","599","16968","6.67e-3","2.87e-1","2.73","9.99e-1","2.83e-1","2.33e-3","ENSG00000170558,ENSG00000118523,ENSG00000142871,ENSG00000262576,ENSG00000143878,ENSG00000107282,ENSG00000253537,ENSG00000120708,ENSG00000105509,ENSG00000074590,ENSG00000182667"
"UP_KW_CELLULAR_COMPONENT","Secreted","23","114","1853","16502","6.90e-3","1.66e-1","1.80","1.53e-1","1.66e-1","3.69e-3","ENSG00000158813,ENSG00000128342,ENSG00000155011,ENSG00000012171,ENSG00000152580,ENSG00000120708,ENSG00000136244,ENSG00000132561,ENSG00000117525,ENSG00000152785,ENSG00000157368,ENSG00000156218,ENSG00000154734,ENSG00000124749,ENSG00000142871,ENSG00000118523,ENSG00000101825,ENSG00000174808,ENSG00000162591,ENSG00000120658,ENSG00000145431,ENSG00000134917,ENSG00000180875"
"UP_SEQ_FEATURE","ZN_FING:C2H2-type 6","10","122","511","18235","7.03e-3","4.31e-1","2.92","9.94e-1","4.30e-1","2.29e-3","ENSG00000245680,ENSG00000189298,ENSG00000198939,ENSG00000196263,ENSG00000160321,ENSG00000109906,ENSG00000105708,ENSG00000176293,ENSG00000237440,ENSG00000182986"
"GOTERM_MF_DIRECT","zinc ion binding","25","118","2122","17376","7.10e-3","2.47e-1","1.73","8.69e-1","2.42e-1","3.94e-3","ENSG00000151693,ENSG00000196263,ENSG00000169083,ENSG00000189298,ENSG00000061455,ENSG00000198939,ENSG00000152518,ENSG00000127528,ENSG00000185650,ENSG00000176293,ENSG00000182986,ENSG00000128016,ENSG00000109906,ENSG00000120738,ENSG00000105708,ENSG00000154734,ENSG00000119138,ENSG00000245680,ENSG00000121413,ENSG00000118503,ENSG00000160321,ENSG00000134917,ENSG00000123358,ENSG00000237440,ENSG00000067082"
"GOTERM_MF_DIRECT","cytokine activity","6","118","179","17376","7.27e-3","2.47e-1","4.94","8.75e-1","2.42e-1","1.40e-3","ENSG00000158813,ENSG00000128342,ENSG00000136244,ENSG00000152785,ENSG00000157368,ENSG00000180875"
"GOTERM_BP_DIRECT","positive regulation of peptidyl-serine phosphorylation","3","114","20","16968","7.72e-3","3.14e-1","22.33","1.00e+0","3.10e-1","3.10e-4","ENSG00000128342,ENSG00000136158,ENSG00000136244"
"GOTERM_BP_DIRECT","positive regulation of canonical Wnt signaling pathway","5","114","118","16968","8.00e-3","3.14e-1","6.31","1.00e+0","3.10e-1","1.20e-3","ENSG00000158813,ENSG00000108854,ENSG00000155011,ENSG00000020181,ENSG00000122707"
"GOTERM_MF_DIRECT","DNA-binding transcription factor activity","12","118","712","17376","8.58e-3","2.47e-1","2.48","9.14e-1","2.42e-1","3.29e-3","ENSG00000119138,ENSG00000189298,ENSG00000120093,ENSG00000127528,ENSG00000120738,ENSG00000109906,ENSG00000177606,ENSG00000123358,ENSG00000170345,ENSG00000162772,ENSG00000169083,ENSG00000125740"
"GOTERM_BP_DIRECT","negative regulation of transcription by RNA polymerase II","15","114","1032","16968","8.60e-3","3.14e-1","2.16","1.00e+0","3.10e-1","3.79e-3","ENSG00000108854,ENSG00000120093,ENSG00000120738,ENSG00000177606,ENSG00000109906,ENSG00000169083,ENSG00000189298,ENSG00000061455,ENSG00000127528,ENSG00000121671,ENSG00000160321,ENSG00000162772,ENSG00000237440,ENSG00000125740,ENSG00000128016"
"GOTERM_MF_DIRECT","mRNA regulatory element binding translation repressor activity","3","118","21","17376","8.68e-3","2.47e-1","21.04","9.17e-1","2.42e-1","3.71e-4","ENSG00000152518,ENSG00000185650,ENSG00000128016"
"SMART","BRLZ","4","83","51","9778","8.86e-3","2.42e-1","9.24","5.18e-1","2.42e-1","8.91e-4","ENSG00000177606,ENSG00000170345,ENSG00000162772,ENSG00000125740"
"GOTERM_BP_DIRECT","nuclear-transcribed mRNA poly(A) tail shortening","3","114","22","16968","9.31e-3","3.14e-1","20.30","1.00e+0","3.10e-1","4.14e-4","ENSG00000152518,ENSG00000185650,ENSG00000128016"
"GOTERM_BP_DIRECT","nuclear-transcribed mRNA catabolic process, deadenylation-dependent decay","3","114","22","16968","9.31e-3","3.14e-1","20.30","1.00e+0","3.10e-1","4.14e-4","ENSG00000152518,ENSG00000185650,ENSG00000128016"
"GOTERM_BP_DIRECT","3'-UTR-mediated mRNA destabilization","3","114","22","16968","9.31e-3","3.14e-1","20.30","1.00e+0","3.10e-1","4.14e-4","ENSG00000152518,ENSG00000185650,ENSG00000128016"
"UP_KW_MOLECULAR_FUNCTION","Cytokine","6","87","166","10932","9.86e-3","1.51e-1","4.54","3.66e-1","1.51e-1","2.05e-3","ENSG00000158813,ENSG00000128342,ENSG00000136244,ENSG00000152785,ENSG00000157368,ENSG00000180875"
"UP_SEQ_FEATURE","ZN_FING:C2H2-type 8","9","122","448","18235","1.00e-2","5.12e-1","3.00","9.99e-1","5.11e-1","3.18e-3","ENSG00000245680,ENSG00000198939,ENSG00000196263,ENSG00000160321,ENSG00000109906,ENSG00000105708,ENSG00000176293,ENSG00000237440,ENSG00000182986"
"GOTERM_BP_DIRECT","positive regulation of cell migration","7","114","274","16968","1.01e-2","3.14e-1","3.80","1.00e+0","3.10e-1","2.51e-3","ENSG00000142871,ENSG00000179820,ENSG00000143878,ENSG00000012171,ENSG00000136158,ENSG00000145431,ENSG00000117525"
"GOTERM_BP_DIRECT","angiogenesis","7","114","274","16968","1.01e-2","3.14e-1","3.80","1.00e+0","3.10e-1","2.51e-3","ENSG00000143995,ENSG00000118523,ENSG00000143878,ENSG00000120093,ENSG00000120708,ENSG00000177606,ENSG00000178878"
"GOTERM_BP_DIRECT","response to light stimulus","3","114","23","16968","1.02e-2","3.14e-1","19.41","1.00e+0","3.10e-1","4.74e-4","ENSG00000120129,ENSG00000121671,ENSG00000170345"
"KEGG_PATHWAY","TNF signaling pathway","5","61","116","8128","1.04e-2","9.25e-1","5.74","8.44e-1","9.25e-1","1.71e-3","ENSG00000128342,ENSG00000118503,ENSG00000136244,ENSG00000177606,ENSG00000170345"
"UP_SEQ_FEATURE","ZN_FING:C2H2-type 12","7","122","278","18235","1.06e-2","5.12e-1","3.76","1.00e+0","5.11e-1","2.68e-3","ENSG00000245680,ENSG00000198939,ENSG00000196263,ENSG00000160321,ENSG00000105708,ENSG00000176293,ENSG00000237440"
"INTERPRO","ADAMTS/ADAMTS-like","3","122","24","18453","1.07e-2","3.88e-1","18.91","9.91e-1","3.85e-1","5.16e-4","ENSG00000134917,ENSG00000156218,ENSG00000154734"
"UP_SEQ_FEATURE","ZN_FING:C2H2-type 10","8","122","367","18235","1.13e-2","5.12e-1","3.26","1.00e+0","5.11e-1","3.29e-3","ENSG00000245680,ENSG00000198939,ENSG00000196263,ENSG00000160321,ENSG00000105708,ENSG00000176293,ENSG00000237440,ENSG00000182986"
"INTERPRO","Cys_knot_C","3","122","25","18453","1.16e-2","3.88e-1","18.15","9.94e-1","3.85e-1","5.83e-4","ENSG00000118523,ENSG00000142871,ENSG00000180875"
"INTERPRO","ADAMTS_CR_3","3","122","25","18453","1.16e-2","3.88e-1","18.15","9.94e-1","3.85e-1","5.83e-4","ENSG00000134917,ENSG00000156218,ENSG00000154734"
"GOTERM_BP_DIRECT","cellular response to hydrogen peroxide","4","114","71","16968","1.18e-2","3.55e-1","8.39","1.00e+0","3.50e-1","1.33e-3","ENSG00000118503,ENSG00000143878,ENSG00000127528,ENSG00000136244"
"UP_KW_BIOLOGICAL_PROCESS","Transcription","25","70","2379","10631","1.24e-2","2.53e-1","1.60","4.23e-1","2.53e-1","7.50e-3","ENSG00000120093,ENSG00000196263,ENSG00000177606,ENSG00000169083,ENSG00000143995,ENSG00000189298,ENSG00000061455,ENSG00000102804,ENSG00000198939,ENSG00000184384,ENSG00000127528,ENSG00000176293,ENSG00000162772,ENSG00000182986,ENSG00000109906,ENSG00000120738,ENSG00000105708,ENSG00000119138,ENSG00000245680,ENSG00000121413,ENSG00000121671,ENSG00000160321,ENSG00000123358,ENSG00000237440,ENSG00000067082"
"UP_SEQ_FEATURE","ZN_FING:C2H2-type 5","10","122","561","18235","1.25e-2","5.12e-1","2.66","1.00e+0","5.11e-1","4.44e-3","ENSG00000245680,ENSG00000189298,ENSG00000198939,ENSG00000196263,ENSG00000160321,ENSG00000109906,ENSG00000105708,ENSG00000176293,ENSG00000237440,ENSG00000182986"
"INTERPRO","ADAMTS_ADAMTS-like","3","122","26","18453","1.25e-2","3.88e-1","17.45","9.96e-1","3.85e-1","6.56e-4","ENSG00000134917,ENSG00000156218,ENSG00000154734"
"UP_SEQ_FEATURE","DOMAIN:CTCK","3","122","26","18235","1.28e-2","5.12e-1","17.25","1.00e+0","5.11e-1","6.79e-4","ENSG00000118523,ENSG00000142871,ENSG00000180875"
"GOTERM_MF_DIRECT","double-stranded DNA binding","5","118","134","17376","1.28e-2","3.12e-1","5.49","9.75e-1","3.05e-1","2.21e-3","ENSG00000109906,ENSG00000177606,ENSG00000123358,ENSG00000170345,ENSG00000125740"
"INTERPRO","Tis11B_N","2","122","2","18453","1.31e-2","3.88e-1","151.25","9.97e-1","3.85e-1","4.34e-5","ENSG00000152518,ENSG00000185650"
"UP_SEQ_FEATURE","REGION:Necessary for mRNA decay activation","2","122","2","18235","1.32e-2","5.12e-1","149.47","1.00e+0","5.11e-1","4.44e-5","ENSG00000185650,ENSG00000128016"
"UP_SEQ_FEATURE","REGION:Necessary and sufficient for the association with mRNA decay enzymes and mRNA decay activation","2","122","2","18235","1.32e-2","5.12e-1","149.47","1.00e+0","5.11e-1","4.44e-5","ENSG00000185650,ENSG00000128016"
"GOTERM_BP_DIRECT","cartilage development","4","114","74","16968","1.32e-2","3.55e-1","8.05","1.00e+0","3.51e-1","1.55e-3","ENSG00000120093,ENSG00000109906,ENSG00000152785,ENSG00000125124"
"GOTERM_BP_DIRECT","nuclear-transcribed mRNA catabolic process, deadenylation-independent decay","2","114","2","16968","1.33e-2","3.55e-1","148.84","1.00e+0","3.51e-1","4.47e-5","ENSG00000185650,ENSG00000128016"
"GOTERM_BP_DIRECT","regulation of keratinocyte apoptotic process","2","114","2","16968","1.33e-2","3.55e-1","148.84","1.00e+0","3.51e-1","4.47e-5","ENSG00000185650,ENSG00000128016"
"GOTERM_BP_DIRECT","regulation of establishment of blood-brain barrier","2","114","2","16968","1.33e-2","3.55e-1","148.84","1.00e+0","3.51e-1","4.47e-5","ENSG00000020181,ENSG00000122707"
"INTERPRO","KRAB_dom_sf","8","122","384","18453","1.34e-2","3.88e-1","3.15","9.97e-1","3.85e-1","4.02e-3","ENSG00000245680,ENSG00000189298,ENSG00000196263,ENSG00000160321,ENSG00000105708,ENSG00000176293,ENSG00000237440,ENSG00000182986"
"INTERPRO","KRAB","8","122","386","18453","1.37e-2","3.88e-1","3.13","9.98e-1","3.85e-1","4.15e-3","ENSG00000245680,ENSG00000189298,ENSG00000196263,ENSG00000160321,ENSG00000105708,ENSG00000176293,ENSG00000237440,ENSG00000182986"
"GOTERM_BP_DIRECT","response to insulin","4","114","75","16968","1.37e-2","3.57e-1","7.94","1.00e+0","3.53e-1","1.63e-3","ENSG00000169047,ENSG00000121671,ENSG00000120738,ENSG00000170345"
"GOTERM_MF_DIRECT","R-SMAD binding","3","118","27","17376","1.41e-2","3.12e-1","16.36","9.83e-1","3.05e-1","7.93e-4","ENSG00000177606,ENSG00000170345,ENSG00000102760"
"UP_SEQ_FEATURE","DOMAIN:KRAB","8","122","384","18235","1.42e-2","5.21e-1","3.11","1.00e+0","5.20e-1","4.31e-3","ENSG00000245680,ENSG00000189298,ENSG00000196263,ENSG00000160321,ENSG00000105708,ENSG00000176293,ENSG00000237440,ENSG00000182986"
"INTERPRO","Growth_fac_rcpt_cys_sf","5","122","142","18453","1.43e-2","3.88e-1","5.33","9.98e-1","3.85e-1","2.54e-3","ENSG00000118523,ENSG00000142871,ENSG00000080224,ENSG00000162591,ENSG00000132561"
"SMART","CT","3","83","22","9778","1.44e-2","2.95e-1","16.06","6.95e-1","2.95e-1","8.08e-4","ENSG00000118523,ENSG00000142871,ENSG00000180875"
"GOTERM_BP_DIRECT","response to steroid hormone","3","114","28","16968","1.48e-2","3.71e-1","15.95","1.00e+0","3.66e-1","8.56e-4","ENSG00000177606,ENSG00000170345,ENSG00000107331"
"GOTERM_BP_DIRECT","cytokine-mediated signaling pathway","5","114","142","16968","1.50e-2","3.71e-1","5.24","1.00e+0","3.66e-1","2.71e-3","ENSG00000158813,ENSG00000169047,ENSG00000136244,ENSG00000117525,ENSG00000180875"
"GOTERM_MF_DIRECT","mRNA 3'-UTR AU-rich region binding","3","118","28","17376","1.52e-2","3.12e-1","15.78","9.87e-1","3.05e-1","8.84e-4","ENSG00000152518,ENSG00000185650,ENSG00000128016"
"GOTERM_MF_DIRECT","DNA binding","21","118","1782","17376","1.53e-2","3.12e-1","1.74","9.88e-1","3.05e-1","8.43e-3","ENSG00000120093,ENSG00000120738,ENSG00000177606,ENSG00000109906,ENSG00000170345,ENSG00000169083,ENSG00000119138,ENSG00000143995,ENSG00000189298,ENSG00000198939,ENSG00000118503,ENSG00000127528,ENSG00000185650,ENSG00000121671,ENSG00000160321,ENSG00000123358,ENSG00000176293,ENSG00000162772,ENSG00000237440,ENSG00000125740,ENSG00000128016"
"UP_KW_DOMAIN","Repeat","51","107","4810","13153","1.59e-2","1.81e-1","1.30","2.26e-1","1.81e-1","1.18e-2","ENSG00000179820,ENSG00000151693,ENSG00000039560,ENSG00000196440,ENSG00000152580,ENSG00000120708,ENSG00000061455,ENSG00000198939,ENSG00000162591,ENSG00000020181,ENSG00000107331,ENSG00000108854,ENSG00000172164,ENSG00000109906,ENSG00000105708,ENSG00000196557,ENSG00000156218,ENSG00000119138,ENSG00000121413,ENSG00000167972,ENSG00000101825,ENSG00000103528,ENSG00000107282,ENSG00000134917,ENSG00000067082,ENSG00000237440,ENSG00000262576,ENSG00000196263,ENSG00000180071,ENSG00000122707,ENSG00000189298,ENSG00000152518,ENSG00000169047,ENSG00000127528,ENSG00000185650,ENSG00000186862,ENSG00000176293,ENSG00000164236,ENSG00000182986,ENSG00000182667,ENSG00000128016,ENSG00000120738,ENSG00000132561,ENSG00000154734,ENSG00000124749,ENSG00000170558,ENSG00000245680,ENSG00000118503,ENSG00000080224,ENSG00000253537,ENSG00000160321"
"GOTERM_BP_DIRECT","response to progesterone","3","114","29","16968","1.59e-2","3.83e-1","15.40","1.00e+0","3.78e-1","9.50e-4","ENSG00000125384,ENSG00000170345,ENSG00000125740"
"UP_KW_MOLECULAR_FUNCTION","DNA-binding","25","87","1983","10932","1.67e-2","1.92e-1","1.58","5.39e-1","1.92e-1","1.01e-2","ENSG00000120093,ENSG00000196263,ENSG00000177606,ENSG00000169083,ENSG00000143995,ENSG00000189298,ENSG00000198939,ENSG00000127528,ENSG00000185650,ENSG00000176293,ENSG00000162772,ENSG00000182986,ENSG00000125740,ENSG00000128016,ENSG00000109906,ENSG00000120738,ENSG00000105708,ENSG00000170345,ENSG00000119138,ENSG00000121413,ENSG00000118503,ENSG00000160321,ENSG00000123358,ENSG00000237440,ENSG00000067082"
"GOTERM_MF_DIRECT","sequence-specific double-stranded DNA binding","10","118","584","17376","1.72e-2","3.26e-1","2.52","9.93e-1","3.19e-1","6.45e-3","ENSG00000189298,ENSG00000127528,ENSG00000120738,ENSG00000177606,ENSG00000123358,ENSG00000170345,ENSG00000162772,ENSG00000067082,ENSG00000169083,ENSG00000125740"
"UP_KW_BIOLOGICAL_PROCESS","Transcription regulation","24","70","2311","10631","1.72e-2","2.53e-1","1.58","5.35e-1","2.53e-1","1.05e-2","ENSG00000196263,ENSG00000120093,ENSG00000120738,ENSG00000177606,ENSG00000109906,ENSG00000105708,ENSG00000169083,ENSG00000119138,ENSG00000245680,ENSG00000189298,ENSG00000061455,ENSG00000121413,ENSG00000198939,ENSG00000102804,ENSG00000184384,ENSG00000127528,ENSG00000121671,ENSG00000160321,ENSG00000123358,ENSG00000176293,ENSG00000162772,ENSG00000067082,ENSG00000237440,ENSG00000182986"
"GOTERM_BP_DIRECT","positive regulation of cell differentiation","4","114","82","16968","1.74e-2","4.10e-1","7.26","1.00e+0","4.05e-1","2.26e-3","ENSG00000118523,ENSG00000142871,ENSG00000174808,ENSG00000169083"
"GOTERM_BP_DIRECT","positive regulation of apoptotic process","7","114","311","16968","1.78e-2","4.10e-1","3.35","1.00e+0","4.05e-1","5.03e-3","ENSG00000142871,ENSG00000102804,ENSG00000143878,ENSG00000120129,ENSG00000136244,ENSG00000109906,ENSG00000123358"
"UP_SEQ_FEATURE","ZN_FING:C2H2-type 15","5","122","151","18235","1.82e-2","6.09e-1","4.95","1.00e+0","6.07e-1","3.48e-3","ENSG00000245680,ENSG00000196263,ENSG00000160321,ENSG00000105708,ENSG00000176293"
"UP_SEQ_FEATURE","ZN_FING:C3H1-type 2","3","122","32","18235","1.90e-2","6.09e-1","14.01","1.00e+0","6.07e-1","1.26e-3","ENSG00000152518,ENSG00000185650,ENSG00000128016"
"UP_SEQ_FEATURE","ZN_FING:C3H1-type 1","3","122","32","18235","1.90e-2","6.09e-1","14.01","1.00e+0","6.07e-1","1.26e-3","ENSG00000152518,ENSG00000185650,ENSG00000128016"
"GOTERM_MF_DIRECT","enzyme binding","8","118","405","17376","1.97e-2","3.52e-1","2.91","9.97e-1","3.44e-1","6.42e-3","ENSG00000170558,ENSG00000178104,ENSG00000118503,ENSG00000169252,ENSG00000120738,ENSG00000177606,ENSG00000169083,ENSG00000128016"
"GOTERM_BP_DIRECT","positive regulation of intracellular mRNA localization","2","114","3","16968","1.98e-2","4.47e-1","99.23","1.00e+0","4.41e-1","1.34e-4","ENSG00000185650,ENSG00000128016"
"KEGG_PATHWAY","MAPK signaling pathway","7","61","294","8128","2.07e-2","1.00e+0","3.17","9.76e-1","1.00e+0","6.17e-3","ENSG00000120129,ENSG00000153956,ENSG00000145431,ENSG00000177606,ENSG00000123358,ENSG00000196557,ENSG00000170345"
"GOTERM_BP_DIRECT","cellular response to glucocorticoid stimulus","3","114","34","16968","2.15e-2","4.53e-1","13.13","1.00e+0","4.47e-1","1.52e-3","ENSG00000152518,ENSG00000185650,ENSG00000128016"
"GOTERM_BP_DIRECT","response to cAMP","3","114","34","16968","2.15e-2","4.53e-1","13.13","1.00e+0","4.47e-1","1.52e-3","ENSG00000120129,ENSG00000170345,ENSG00000125740"
"GOTERM_BP_DIRECT","transcription by RNA polymerase II","6","114","238","16968","2.15e-2","4.53e-1","3.75","1.00e+0","4.47e-1","5.42e-3","ENSG00000102804,ENSG00000169252,ENSG00000123358,ENSG00000170345,ENSG00000169083,ENSG00000125740"
"INTERPRO","Krueppel_C2H2_ZnF","6","122","242","18453","2.17e-2","5.38e-1","3.75","1.00e+0","5.34e-1","5.46e-3","ENSG00000245680,ENSG00000196263,ENSG00000160321,ENSG00000176293,ENSG00000237440,ENSG00000182986"
"UP_KW_DOMAIN","Zinc-finger","23","107","1760","13153","2.26e-2","1.81e-1","1.61","3.06e-1","1.81e-1","1.34e-2","ENSG00000151693,ENSG00000196263,ENSG00000120738,ENSG00000109906,ENSG00000105708,ENSG00000169083,ENSG00000119138,ENSG00000245680,ENSG00000189298,ENSG00000061455,ENSG00000121413,ENSG00000198939,ENSG00000118503,ENSG00000152518,ENSG00000127528,ENSG00000185650,ENSG00000160321,ENSG00000123358,ENSG00000176293,ENSG00000067082,ENSG00000237440,ENSG00000128016,ENSG00000182986"
"GOTERM_CC_DIRECT","endoplasmic reticulum lumen","7","121","330","17924","2.37e-2","1.00e+0","3.14","9.81e-1","1.00e+0","7.11e-3","ENSG00000170558,ENSG00000124749,ENSG00000142871,ENSG00000170876,ENSG00000073067,ENSG00000136244,ENSG00000145431"
"GOTERM_BP_DIRECT","response to xenobiotic stimulus","6","114","246","16968","2.44e-2","5.03e-1","3.63","1.00e+0","4.97e-1","6.34e-3","ENSG00000167972,ENSG00000137936,ENSG00000177606,ENSG00000170345,ENSG00000107331,ENSG00000125740"
"INTERPRO","Znf_CCCH_sf","3","122","37","18453","2.45e-2","5.38e-1","12.26","1.00e+0","5.34e-1","1.86e-3","ENSG00000152518,ENSG00000185650,ENSG00000128016"
"GOTERM_MF_DIRECT","heparin binding","5","118","164","17376","2.49e-2","4.18e-1","4.49","9.99e-1","4.09e-1","5.24e-3","ENSG00000118523,ENSG00000142871,ENSG00000134917,ENSG00000154734,ENSG00000180875"
"INTERPRO","TSC22/Bun","2","122","4","18453","2.60e-2","5.38e-1","75.63","1.00e+0","5.34e-1","2.58e-4","ENSG00000157514,ENSG00000102804"
"INTERPRO","Sprouty_domain","2","122","4","18453","2.60e-2","5.38e-1","75.63","1.00e+0","5.34e-1","2.58e-4","ENSG00000164056,ENSG00000136158"
"INTERPRO","TSC22/BUN_CS","2","122","4","18453","2.60e-2","5.38e-1","75.63","1.00e+0","5.34e-1","2.58e-4","ENSG00000157514,ENSG00000102804"
"GOTERM_BP_DIRECT","negative regulation of neurotrophin TRK receptor signaling pathway","2","114","4","16968","2.64e-2","5.24e-1","74.42","1.00e+0","5.17e-1","2.66e-4","ENSG00000164056,ENSG00000136158"
"GOTERM_BP_DIRECT","regulation of angiogenesis","3","114","38","16968","2.64e-2","5.24e-1","11.75","1.00e+0","5.17e-1","2.10e-3","ENSG00000136244,ENSG00000020181,ENSG00000122707"
"GOTERM_CC_DIRECT","plasma membrane","47","121","5341","17924","2.75e-2","1.00e+0","1.30","9.90e-1","1.00e+0","2.04e-2","ENSG00000262576,ENSG00000179820,ENSG00000151693,ENSG00000125384,ENSG00000136158,ENSG00000153956,ENSG00000120708,ENSG00000122707,ENSG00000169083,ENSG00000178878,ENSG00000092096,ENSG00000111452,ENSG00000154864,ENSG00000164056,ENSG00000102804,ENSG00000143878,ENSG00000169047,ENSG00000174808,ENSG00000120658,ENSG00000162591,ENSG00000129946,ENSG00000186862,ENSG00000145431,ENSG00000020181,ENSG00000107331,ENSG00000108684,ENSG00000182667,ENSG00000158813,ENSG00000108854,ENSG00000172164,ENSG00000130304,ENSG00000073067,ENSG00000012171,ENSG00000169252,ENSG00000136244,ENSG00000105509,ENSG00000117525,ENSG00000196557,ENSG00000170558,ENSG00000119138,ENSG00000118523,ENSG00000170876,ENSG00000167972,ENSG00000080224,ENSG00000103528,ENSG00000107282,ENSG00000253537"
"GOTERM_BP_DIRECT","cell population proliferation","5","114","172","16968","2.80e-2","5.43e-1","4.33","1.00e+0","5.36e-1","6.10e-3","ENSG00000174808,ENSG00000185650,ENSG00000120708,ENSG00000109906,ENSG00000177606"
"GOTERM_CC_DIRECT","presynaptic active zone membrane","3","121","39","17924","2.80e-2","1.00e+0","11.39","9.91e-1","1.00e+0","2.30e-3","ENSG00000107282,ENSG00000153956,ENSG00000182667"
"UP_SEQ_FEATURE","ZN_FING:C2H2-type 14","5","122","174","18235","2.88e-2","8.82e-1","4.30","1.00e+0","8.80e-1","6.31e-3","ENSG00000245680,ENSG00000196263,ENSG00000160321,ENSG00000105708,ENSG00000176293"
"PIR_SUPERFAMILY","IGFBP_rP_CNN","2","12","5","1829","2.97e-2","3.27e-1","60.97","2.83e-1","3.27e-1","3.91e-4","ENSG00000118523,ENSG00000142871"
"GOTERM_BP_DIRECT","positive regulation of vascular associated smooth muscle cell proliferation","3","114","41","16968","3.04e-2","5.80e-1","10.89","1.00e+0","5.72e-1","2.61e-3","ENSG00000177606,ENSG00000154734,ENSG00000102760"
"GOTERM_MF_DIRECT","identical protein binding","20","118","1801","17376","3.19e-2","5.06e-1","1.64","1.00e+0","4.95e-1","1.86e-2","ENSG00000108854,ENSG00000130304,ENSG00000120708,ENSG00000169252,ENSG00000177606,ENSG00000136244,ENSG00000109906,ENSG00000105509,ENSG00000170345,ENSG00000157368,ENSG00000170558,ENSG00000170876,ENSG00000061455,ENSG00000102804,ENSG00000118503,ENSG00000107282,ENSG00000186862,ENSG00000123358,ENSG00000162772,ENSG00000180875"
"GOTERM_BP_DIRECT","transforming growth factor beta receptor signaling pathway","4","114","104","16968","3.22e-2","5.98e-1","5.72","1.00e+0","5.91e-1","5.31e-3","ENSG00000177606,ENSG00000170345,ENSG00000162772,ENSG00000102760"
"INTERPRO","IGFBP_CNN","2","122","5","18453","3.24e-2","6.40e-1","60.50","1.00e+0","6.35e-1","4.28e-4","ENSG00000118523,ENSG00000142871"
"GOTERM_CC_DIRECT","chromatin","14","121","1099","17924","3.24e-2","1.00e+0","1.89","9.96e-1","1.00e+0","1.62e-2","ENSG00000120093,ENSG00000120738,ENSG00000177606,ENSG00000109906,ENSG00000170345,ENSG00000169083,ENSG00000119138,ENSG00000143995,ENSG00000293164,ENSG00000127528,ENSG00000123358,ENSG00000162772,ENSG00000067082,ENSG00000125740"
"GOTERM_BP_DIRECT","positive regulation of amyloid precursor protein biosynthetic process","2","114","5","16968","3.29e-2","5.98e-1","59.54","1.00e+0","5.91e-1","4.42e-4","ENSG00000122707,ENSG00000107331"
"GOTERM_BP_DIRECT","regulation of mRNA stability","3","114","43","16968","3.32e-2","5.98e-1","10.38","1.00e+0","5.91e-1","3.00e-3","ENSG00000152518,ENSG00000185650,ENSG00000128016"
"UP_KW_MOLECULAR_FUNCTION","Developmental protein","14","87","949","10932","3.37e-2","2.58e-1","1.85","7.93e-1","2.58e-1","1.72e-2","ENSG00000158813,ENSG00000120093,ENSG00000155011,ENSG00000157927,ENSG00000152580,ENSG00000136158,ENSG00000152785,ENSG00000143995,ENSG00000164056,ENSG00000143878,ENSG00000152518,ENSG00000185650,ENSG00000145431,ENSG00000180875"
"UP_KW_MOLECULAR_FUNCTION","Developmental protein","14","87","949","10932","3.37e-2","2.58e-1","1.85","7.93e-1","2.58e-1","1.72e-2","ENSG00000158813,ENSG00000120093,ENSG00000155011,ENSG00000157927,ENSG00000152580,ENSG00000136158,ENSG00000152785,ENSG00000143995,ENSG00000164056,ENSG00000143878,ENSG00000152518,ENSG00000185650,ENSG00000145431,ENSG00000180875"
"UP_KW_PTM","Disulfide bond","33","94","3416","13414","3.38e-2","2.31e-1","1.38","4.62e-1","2.31e-1","2.36e-2","ENSG00000125384,ENSG00000155011,ENSG00000152580,ENSG00000153956,ENSG00000120708,ENSG00000122707,ENSG00000152785,ENSG00000111452,ENSG00000154864,ENSG00000100626,ENSG00000174808,ENSG00000162591,ENSG00000145431,ENSG00000020181,ENSG00000108684,ENSG00000182667,ENSG00000125740,ENSG00000158813,ENSG00000128342,ENSG00000012171,ENSG00000169252,ENSG00000136244,ENSG00000132561,ENSG00000117525,ENSG00000156218,ENSG00000154734,ENSG00000118523,ENSG00000142871,ENSG00000167972,ENSG00000101825,ENSG00000134917,ENSG00000144057,ENSG00000180875"
"UP_SEQ_FEATURE","DOMAIN:TSP type-1 2","3","122","44","18235","3.45e-2","9.76e-1","10.19","1.00e+0","9.73e-1","3.17e-3","ENSG00000134917,ENSG00000156218,ENSG00000154734"
"UP_SEQ_FEATURE","DOMAIN:TSP type-1 1","3","122","44","18235","3.45e-2","9.76e-1","10.19","1.00e+0","9.73e-1","3.17e-3","ENSG00000134917,ENSG00000156218,ENSG00000154734"
"UP_KW_PTM","Cleavage on pair of basic residues","6","94","264","13414","3.65e-2","2.31e-1","3.24","4.88e-1","2.31e-1","1.06e-2","ENSG00000170558,ENSG00000158813,ENSG00000145431,ENSG00000134917,ENSG00000152785,ENSG00000154734"
"KEGG_PATHWAY","AGE-RAGE signaling pathway in diabetic complications","4","61","100","8128","3.73e-2","1.00e+0","5.33","9.99e-1","1.00e+0","6.58e-3","ENSG00000136244,ENSG00000120738,ENSG00000177606,ENSG00000117525"
"INTERPRO","TSP1_CCN","2","122","6","18453","3.87e-2","7.02e-1","50.42","1.00e+0","6.97e-1","6.39e-4","ENSG00000118523,ENSG00000142871"
"INTERPRO","CCN","2","122","6","18453","3.87e-2","7.02e-1","50.42","1.00e+0","6.97e-1","6.39e-4","ENSG00000118523,ENSG00000142871"
"SMART","KRAB","8","83","378","9778","3.89e-2","6.37e-1","2.49","9.61e-1","6.37e-1","1.46e-2","ENSG00000245680,ENSG00000189298,ENSG00000196263,ENSG00000160321,ENSG00000105708,ENSG00000176293,ENSG00000237440,ENSG00000182986"
"GOTERM_BP_DIRECT","negative regulation of lens fiber cell differentiation","2","114","6","16968","3.93e-2","6.95e-1","49.61","1.00e+0","6.86e-1","6.59e-4","ENSG00000164056,ENSG00000136158"
"GOTERM_CC_DIRECT","transcription factor AP-1 complex","2","121","6","17924","3.95e-2","1.00e+0","49.38","9.99e-1","1.00e+0","6.66e-4","ENSG00000177606,ENSG00000170345"
"UP_SEQ_FEATURE","ZN_FING:C2H2-type 16","4","122","115","18235","4.12e-2","1.00e+0","5.20","1.00e+0","9.99e-1","7.45e-3","ENSG00000245680,ENSG00000160321,ENSG00000105708,ENSG00000176293"
"UP_KW_CELLULAR_COMPONENT","Extracellular matrix","6","114","276","16502","4.13e-2","4.95e-1","3.15","6.36e-1","4.95e-1","1.23e-2","ENSG00000124749,ENSG00000118523,ENSG00000120708,ENSG00000134917,ENSG00000156218,ENSG00000154734"
"GOTERM_MF_DIRECT","monoatomic cation channel activity","3","118","49","17376","4.31e-2","6.46e-1","9.02","1.00e+0","6.32e-1","4.48e-3","ENSG00000196557,ENSG00000108684,ENSG00000154864"
"GOTERM_BP_DIRECT","response to activity","3","114","50","16968","4.38e-2","7.30e-1","8.93","1.00e+0","7.20e-1","4.60e-3","ENSG00000121671,ENSG00000136244,ENSG00000170345"
"GOTERM_CC_DIRECT","extracellular region","26","121","2643","17924","4.40e-2","1.00e+0","1.46","9.99e-1","1.00e+0","2.87e-2","ENSG00000155011,ENSG00000152580,ENSG00000120708,ENSG00000122707,ENSG00000152785,ENSG00000178878,ENSG00000174808,ENSG00000120658,ENSG00000162591,ENSG00000186862,ENSG00000145431,ENSG00000182667,ENSG00000158813,ENSG00000128342,ENSG00000012171,ENSG00000136244,ENSG00000132561,ENSG00000117525,ENSG00000157368,ENSG00000124749,ENSG00000118523,ENSG00000142871,ENSG00000167972,ENSG00000101825,ENSG00000121671,ENSG00000180875"
"INTERPRO","Sprouty","2","122","7","18453","4.50e-2","7.83e-1","43.22","1.00e+0","7.78e-1","8.91e-4","ENSG00000164056,ENSG00000136158"
"UP_SEQ_FEATURE","ZN_FING:C2H2-type 4","9","122","596","18235","4.50e-2","1.00e+0","2.26","1.00e+0","9.99e-1","1.87e-2","ENSG00000245680,ENSG00000189298,ENSG00000198939,ENSG00000196263,ENSG00000160321,ENSG00000109906,ENSG00000176293,ENSG00000237440,ENSG00000182986"
"GOTERM_BP_DIRECT","regulation of DNA-templated transcription","16","114","1402","16968","4.53e-2","7.30e-1","1.70","1.00e+0","7.20e-1","2.51e-2","ENSG00000196263,ENSG00000120093,ENSG00000177606,ENSG00000105708,ENSG00000170345,ENSG00000169083,ENSG00000143995,ENSG00000245680,ENSG00000189298,ENSG00000160321,ENSG00000123358,ENSG00000176293,ENSG00000162772,ENSG00000237440,ENSG00000125740,ENSG00000182986"
"GOTERM_BP_DIRECT","response to glucocorticoid","3","114","51","16968","4.54e-2","7.30e-1","8.76","1.00e+0","7.20e-1","4.87e-3","ENSG00000167972,ENSG00000120129,ENSG00000136244"
"UP_SEQ_FEATURE","DOMAIN:Ig-like C2-type 12","2","122","7","18235","4.55e-2","1.00e+0","42.70","1.00e+0","9.99e-1","9.12e-4","ENSG00000101825,ENSG00000152580"
"UP_SEQ_FEATURE","DOMAIN:SPR","2","122","7","18235","4.55e-2","1.00e+0","42.70","1.00e+0","9.99e-1","9.12e-4","ENSG00000164056,ENSG00000136158"
"UP_SEQ_FEATURE","DOMAIN:Ig-like C2-type 11","2","122","7","18235","4.55e-2","1.00e+0","42.70","1.00e+0","9.99e-1","9.12e-4","ENSG00000101825,ENSG00000152580"
"GOTERM_BP_DIRECT","regulation of macromolecule biosynthetic process","2","114","7","16968","4.57e-2","7.30e-1","42.53","1.00e+0","7.20e-1","9.19e-4","ENSG00000142871,ENSG00000107331"
"GOTERM_BP_DIRECT","chorio-allantoic fusion","2","114","7","16968","4.57e-2","7.30e-1","42.53","1.00e+0","7.20e-1","9.19e-4","ENSG00000142871,ENSG00000185650"
"GOTERM_BP_DIRECT","bud elongation involved in lung branching","2","114","7","16968","4.57e-2","7.30e-1","42.53","1.00e+0","7.20e-1","9.19e-4","ENSG00000164056,ENSG00000136158"
"UP_KW_LIGAND","Zinc","26","52","2449","6665","4.82e-2","1.00e+0","1.36","6.46e-1","1.00e+0","3.41e-2","ENSG00000151693,ENSG00000196263,ENSG00000169083,ENSG00000189298,ENSG00000061455,ENSG00000198939,ENSG00000152518,ENSG00000127528,ENSG00000185650,ENSG00000176293,ENSG00000182986,ENSG00000128016,ENSG00000109906,ENSG00000120738,ENSG00000105708,ENSG00000196557,ENSG00000154734,ENSG00000119138,ENSG00000245680,ENSG00000121413,ENSG00000118503,ENSG00000160321,ENSG00000134917,ENSG00000123358,ENSG00000237440,ENSG00000067082"
"GOTERM_BP_DIRECT","positive regulation of fat cell differentiation","3","114","53","16968","4.86e-2","7.64e-1","8.43","1.00e+0","7.54e-1","5.42e-3","ENSG00000185650,ENSG00000109906,ENSG00000128016"
"UP_SEQ_FEATURE","DOMAIN:Ig-like C2-type 3","4","122","125","18235","5.06e-2","1.00e+0","4.78","1.00e+0","9.99e-1","9.93e-3","ENSG00000101825,ENSG00000152580,ENSG00000156218,ENSG00000182667"
"GOTERM_BP_DIRECT","multicellular organism growth","4","114","125","16968","5.10e-2","7.81e-1","4.76","1.00e+0","7.71e-1","1.01e-2","ENSG00000127528,ENSG00000107282,ENSG00000185650,ENSG00000169083"
"GOTERM_BP_DIRECT","positive regulation of receptor signaling pathway via STAT","2","114","8","16968","5.21e-2","7.81e-1","37.21","1.00e+0","7.71e-1","1.22e-3","ENSG00000128342,ENSG00000136244"
"GOTERM_BP_DIRECT","detection of mechanical stimulus involved in sensory perception","2","114","8","16968","5.21e-2","7.81e-1","37.21","1.00e+0","7.71e-1","1.22e-3","ENSG00000108684,ENSG00000154864"
"GOTERM_CC_DIRECT","stereocilium","3","121","55","17924","5.24e-2","1.00e+0","8.08","1.00e+0","1.00e+0","6.10e-3","ENSG00000186862,ENSG00000125124,ENSG00000154864"
"UP_SEQ_FEATURE","DOMAIN:C2H2-type","8","122","508","18235","5.26e-2","1.00e+0","2.35","1.00e+0","9.99e-1","2.09e-2","ENSG00000119138,ENSG00000121413,ENSG00000198939,ENSG00000120738,ENSG00000109906,ENSG00000176293,ENSG00000067082,ENSG00000237440"
"GOTERM_BP_DIRECT","glucose homeostasis","4","114","127","16968","5.30e-2","7.83e-1","4.69","1.00e+0","7.72e-1","1.06e-2","ENSG00000169047,ENSG00000121671,ENSG00000136244,ENSG00000004799"
"UP_SEQ_FEATURE","REGION:Basic motif","3","122","57","18235","5.50e-2","1.00e+0","7.87","1.00e+0","9.99e-1","6.57e-3","ENSG00000177606,ENSG00000162772,ENSG00000125740"
"INTERPRO","Znf_CCCH","3","122","59","18453","5.73e-2","9.58e-1","7.69","1.00e+0","9.52e-1","7.00e-3","ENSG00000152518,ENSG00000185650,ENSG00000128016"
"UP_SEQ_FEATURE","DOMAIN:Ig-like C2-type 10","2","122","9","18235","5.82e-2","1.00e+0","33.21","1.00e+0","9.99e-1","1.55e-3","ENSG00000101825,ENSG00000152580"
"UP_SEQ_FEATURE","ZN_FING:C2H2-type 19","3","122","59","18235","5.85e-2","1.00e+0","7.60","1.00e+0","9.99e-1","7.23e-3","ENSG00000245680,ENSG00000160321,ENSG00000105708"
"GOTERM_BP_DIRECT","cellular response to hypoxia","4","114","134","16968","6.03e-2","8.78e-1","4.44","1.00e+0","8.66e-1","1.27e-2","ENSG00000185650,ENSG00000120738,ENSG00000170345,ENSG00000102760"
"GOTERM_MF_DIRECT","extracellular matrix structural constituent","4","118","133","17376","6.08e-2","8.67e-1","4.43","1.00e+0","8.48e-1","1.29e-2","ENSG00000142871,ENSG00000101825,ENSG00000120708,ENSG00000132561"
"KEGG_PATHWAY","Measles","4","61","122","8128","6.09e-2","1.00e+0","4.37","1.00e+0","1.00e+0","1.31e-2","ENSG00000118503,ENSG00000136244,ENSG00000177606,ENSG00000170345"
"SMART","ZnF_C3H1","3","83","48","9778","6.12e-2","8.36e-1","7.36","9.94e-1","8.36e-1","7.75e-3","ENSG00000152518,ENSG00000185650,ENSG00000128016"
"GOTERM_CC_DIRECT","anchoring junction","4","121","135","17924","6.22e-2","1.00e+0","4.39","1.00e+0","1.00e+0","1.33e-2","ENSG00000170558,ENSG00000039560,ENSG00000172164,ENSG00000178878"
"GOTERM_CC_DIRECT","intracellular membrane-bounded organelle","4","121","136","17924","6.33e-2","1.00e+0","4.36","1.00e+0","1.00e+0","1.36e-2","ENSG00000167972,ENSG00000169047,ENSG00000073067,ENSG00000107331"
"INTERPRO","Glyco_hormone_CN","2","122","10","18453","6.37e-2","9.68e-1","30.25","1.00e+0","9.62e-1","1.88e-3","ENSG00000118523,ENSG00000142871"
"INTERPRO","Insulin_GF-bd_Cys-rich_CS","2","122","10","18453","6.37e-2","9.68e-1","30.25","1.00e+0","9.62e-1","1.88e-3","ENSG00000118523,ENSG00000142871"
"INTERPRO","Ig_I-set","4","122","140","18453","6.46e-2","9.68e-1","4.32","1.00e+0","9.62e-1","1.40e-2","ENSG00000101825,ENSG00000152580,ENSG00000156218,ENSG00000182667"
"GOTERM_BP_DIRECT","regulation of B cell differentiation","2","114","10","16968","6.47e-2","8.97e-1","29.77","1.00e+0","8.85e-1","1.94e-3","ENSG00000152518,ENSG00000185650"
"GOTERM_BP_DIRECT","negative regulation of erythrocyte differentiation","2","114","10","16968","6.47e-2","8.97e-1","29.77","1.00e+0","8.85e-1","1.94e-3","ENSG00000185650,ENSG00000128016"
"GOTERM_BP_DIRECT","positive regulation of monocyte differentiation","2","114","10","16968","6.47e-2","8.97e-1","29.77","1.00e+0","8.85e-1","1.94e-3","ENSG00000185650,ENSG00000157368"
"GOTERM_BP_DIRECT","positive regulation of DNA-templated transcription","10","114","756","16968","6.52e-2","8.97e-1","1.97","1.00e+0","8.85e-1","3.09e-2","ENSG00000189298,ENSG00000102804,ENSG00000127528,ENSG00000136244,ENSG00000120738,ENSG00000109906,ENSG00000177606,ENSG00000170345,ENSG00000067082,ENSG00000169083"
"GOTERM_MF_DIRECT","3'-phosphoadenosine 5'-phosphosulfate binding","2","118","10","17376","6.53e-2","8.87e-1","29.45","1.00e+0","8.68e-1","1.99e-3","ENSG00000111962,ENSG00000197093"
"UP_KW_BIOLOGICAL_PROCESS","Biological rhythms","4","70","144","10631","6.68e-2","7.35e-1","4.22","9.52e-1","7.35e-1","1.48e-2","ENSG00000119138,ENSG00000120658,ENSG00000121671,ENSG00000120738"
"INTERPRO","R2_ABCA1-4-like","2","122","11","18453","6.98e-2","1.00e+0","27.50","1.00e+0","9.94e-1","2.29e-3","ENSG00000167972,ENSG00000107331"
"UP_SEQ_FEATURE","DOMAIN:Ig-like C2-type 9","2","122","11","18235","7.06e-2","1.00e+0","27.18","1.00e+0","9.99e-1","2.35e-3","ENSG00000101825,ENSG00000152580"
"UP_SEQ_FEATURE","DOMAIN:PDZ","4","122","144","18235","7.10e-2","1.00e+0","4.15","1.00e+0","9.99e-1","1.60e-2","ENSG00000172164,ENSG00000107282,ENSG00000157927,ENSG00000186862"
"GOTERM_BP_DIRECT","MAPK cascade","4","114","144","16968","7.15e-2","9.45e-1","4.13","1.00e+0","9.33e-1","1.62e-2","ENSG00000152518,ENSG00000185650,ENSG00000169083,ENSG00000128016"
"GOTERM_BP_DIRECT","cellular response to transforming growth factor beta stimulus","3","114","66","16968","7.16e-2","9.45e-1","6.77","1.00e+0","9.33e-1","9.94e-3","ENSG00000152518,ENSG00000185650,ENSG00000170345"
"GOTERM_BP_DIRECT","response to mechanical stimulus","3","114","66","16968","7.16e-2","9.45e-1","6.77","1.00e+0","9.33e-1","9.94e-3","ENSG00000170345,ENSG00000125740,ENSG00000154864"
"INTERPRO","Cystine-knot_cytokine","3","122","69","18453","7.53e-2","1.00e+0","6.58","1.00e+0","9.94e-1","1.08e-2","ENSG00000145431,ENSG00000152785,ENSG00000180875"
"INTERPRO","ABCA","2","122","12","18453","7.59e-2","1.00e+0","25.21","1.00e+0","9.94e-1","2.74e-3","ENSG00000167972,ENSG00000107331"
"INTERPRO","PDZ","4","122","150","18453","7.59e-2","1.00e+0","4.03","1.00e+0","9.94e-1","1.76e-2","ENSG00000172164,ENSG00000107282,ENSG00000157927,ENSG00000186862"
"KEGG_PATHWAY","Human T-cell leukemia virus 1 infection","5","61","218","8128","7.67e-2","1.00e+0","3.06","1.00e+0","1.00e+0","2.34e-2","ENSG00000136244,ENSG00000120738,ENSG00000177606,ENSG00000170345,ENSG00000128016"
"GOTERM_BP_DIRECT","cellular response to granulocyte macrophage colony-stimulating factor stimulus","2","114","12","16968","7.71e-2","1.00e+0","24.81","1.00e+0","9.88e-1","2.83e-3","ENSG00000152518,ENSG00000128016"
"GOTERM_BP_DIRECT","positive regulation of endothelial cell proliferation","3","114","70","16968","7.93e-2","1.00e+0","6.38","1.00e+0","9.88e-1","1.17e-2","ENSG00000177606,ENSG00000117525,ENSG00000123358"
"GOTERM_BP_DIRECT","hemopoiesis","3","114","70","16968","7.93e-2","1.00e+0","6.38","1.00e+0","9.88e-1","1.17e-2","ENSG00000143995,ENSG00000152518,ENSG00000109906"
"GOTERM_MF_DIRECT","integrin binding","4","118","149","17376","7.95e-2","1.00e+0","3.95","1.00e+0","9.82e-1","1.88e-2","ENSG00000118523,ENSG00000142871,ENSG00000120708,ENSG00000134917"
"INTERPRO","PDZ_sf","4","122","153","18453","7.95e-2","1.00e+0","3.95","1.00e+0","9.95e-1","1.88e-2","ENSG00000172164,ENSG00000107282,ENSG00000157927,ENSG00000186862"
"KEGG_PATHWAY","Fluid shear stress and atherosclerosis","4","61","137","8128","8.01e-2","1.00e+0","3.89","1.00e+0","1.00e+0","1.92e-2","ENSG00000127528,ENSG00000120129,ENSG00000177606,ENSG00000170345"
"GOTERM_BP_DIRECT","insulin receptor signaling pathway","3","114","72","16968","8.32e-2","1.00e+0","6.20","1.00e+0","9.88e-1","1.26e-2","ENSG00000169047,ENSG00000137936,ENSG00000004799"
"GOTERM_BP_DIRECT","regulation of keratinocyte proliferation","2","114","13","16968","8.32e-2","1.00e+0","22.90","1.00e+0","9.88e-1","3.33e-3","ENSG00000185650,ENSG00000128016"
"GOTERM_BP_DIRECT","negative regulation of multicellular organism growth","2","114","13","16968","8.32e-2","1.00e+0","22.90","1.00e+0","9.88e-1","3.33e-3","ENSG00000169252,ENSG00000125124"
"INTERPRO","VWF_A","3","122","75","18453","8.69e-2","1.00e+0","6.05","1.00e+0","9.95e-1","1.35e-2","ENSG00000124749,ENSG00000153956,ENSG00000132561"
"UP_SEQ_FEATURE","DOMAIN:Ig-like C2-type 8","2","122","14","18235","8.90e-2","1.00e+0","21.35","1.00e+0","9.99e-1","3.83e-3","ENSG00000101825,ENSG00000152580"
"GOTERM_BP_DIRECT","lens morphogenesis in camera-type eye","2","114","14","16968","8.93e-2","1.00e+0","21.26","1.00e+0","9.88e-1","3.86e-3","ENSG00000143995,ENSG00000137936"
"GOTERM_BP_DIRECT","negative regulation of vascular endothelial growth factor signaling pathway","2","114","14","16968","8.93e-2","1.00e+0","21.26","1.00e+0","9.88e-1","3.86e-3","ENSG00000136158,ENSG00000020181"
"GOTERM_BP_DIRECT","response to corticosterone","2","114","14","16968","8.93e-2","1.00e+0","21.26","1.00e+0","9.88e-1","3.86e-3","ENSG00000170345,ENSG00000125740"
"GOTERM_BP_DIRECT","positive regulation of macrophage differentiation","2","114","14","16968","8.93e-2","1.00e+0","21.26","1.00e+0","9.88e-1","3.86e-3","ENSG00000128342,ENSG00000157368"
"KEGG_PATHWAY","Amphetamine addiction","3","61","68","8128","8.96e-2","1.00e+0","5.88","1.00e+0","1.00e+0","1.43e-2","ENSG00000177606,ENSG00000170345,ENSG00000125740"
"GOTERM_CC_DIRECT","Wnt signalosome","2","121","14","17924","8.98e-2","1.00e+0","21.16","1.00e+0","1.00e+0","3.90e-3","ENSG00000020181,ENSG00000122707"
"GOTERM_CC_DIRECT","nuclear speck","7","121","462","17924","9.02e-2","1.00e+0","2.24","1.00e+0","1.00e+0","3.72e-2","ENSG00000108854,ENSG00000184384,ENSG00000121671,ENSG00000109906,ENSG00000123358,ENSG00000169083,ENSG00000111452"
"UP_SEQ_FEATURE","ZN_FING:C2H2-type 18","3","122","77","18235","9.27e-2","1.00e+0","5.82","1.00e+0","9.99e-1","1.49e-2","ENSG00000245680,ENSG00000160321,ENSG00000105708"
"GOTERM_BP_DIRECT","regulation of keratinocyte differentiation","2","114","15","16968","9.54e-2","1.00e+0","19.85","1.00e+0","9.88e-1","4.44e-3","ENSG00000185650,ENSG00000128016"
"GOTERM_BP_DIRECT","cellular response to calcium ion","3","114","79","16968","9.74e-2","1.00e+0","5.65","1.00e+0","9.88e-1","1.61e-2","ENSG00000177606,ENSG00000170345,ENSG00000125740"
"UP_SEQ_FEATURE","COMPBIAS:Low complexity","40","122","4849","18235","9.75e-2","1.00e+0","1.23","1.00e+0","9.99e-1","7.55e-2","ENSG00000179820,ENSG00000120093,ENSG00000196440,ENSG00000136158,ENSG00000169083,ENSG00000092096,ENSG00000154864,ENSG00000164056,ENSG00000061455,ENSG00000102804,ENSG00000184384,ENSG00000152518,ENSG00000169047,ENSG00000127528,ENSG00000185650,ENSG00000129946,ENSG00000186862,ENSG00000020181,ENSG00000142149,ENSG00000102760,ENSG00000125740,ENSG00000128016,ENSG00000158813,ENSG00000178104,ENSG00000172164,ENSG00000157927,ENSG00000120738,ENSG00000196557,ENSG00000170345,ENSG00000170558,ENSG00000124749,ENSG00000121413,ENSG00000101825,ENSG00000080224,ENSG00000103528,ENSG00000107282,ENSG00000121671,ENSG00000134917,ENSG00000123358,ENSG00000067082"
"KEGG_PATHWAY","Non-alcoholic fatty liver disease","4","61","150","8128","9.87e-2","1.00e+0","3.55","1.00e+0","1.00e+0","2.58e-2","ENSG00000169047,ENSG00000136244,ENSG00000177606,ENSG00000170345"
"GOTERM_BP_DIRECT","regulation of membrane potential","3","114","80","16968","9.95e-2","1.00e+0","5.58","1.00e+0","9.88e-1","1.67e-2","ENSG00000196557,ENSG00000108684,ENSG00000154864"
"INTERPRO","EMI_domain","2","122","16","18453","9.99e-2","1.00e+0","18.91","1.00e+0","9.95e-1","4.90e-3","ENSG00000162591,ENSG00000120708"

